1,Lena,7F5q2HfRepIDvMyY1mJKtsnq5yDx745s6AfzGSUmGI122,Pekaban,NickLinton@kpn.cc,150-586-5253,2018-02-09,male
4,Duncan,QzUQLls,Vanderoever,FemkeMairy@hotmail.cc,1-444-638-7832,2002-05-09,male
6,Lia,pfbU3lQYH5oFczSgIwsMgvH7kPxUSwg3TvMWjp3hxGrKl,Sharp,EAldritch@mymail.org,476-936-8343,,other
7,Ruth,kqOtGaYvG1jggcXwSAlLYM7oBtylWRjqQwDj,Perilloux,WillOstanik@mymail.gov,1-754-3644,,male
9,Bess,htcCNlGJcGnciW0f16sOvEjqugHxoOVG2tghkX7,Hancock,RickBarbee2@libero.it,1-150-9766,,male
10,Agnieszka,HwHU3F3FJ8uBiyQaMA5DPYsKSK2e7jh,Hamilton,RogierMatthew@mail.nl,892-4366,2007-07-01,male
11,Femke,"",Mejia,MDeBerg@telfort.dk,073-3596,2008-03-03,female
13,x,"",z,,9191919910,2021-04-14,male
2,Marie,"",Herrin,LynnCross1@aol.ca,9999999999,2018-12-09,male
3,Carlos,wEOKQB0MaAo,DelRosso,William.Pearlman@excite.fr,9999999999,2017-10-07,male
15,x,"",z,x@y.z,9999999999,2021-04-04,male
8,Michael,7TKzaYobkWhcKxe27St,Baltec,michael@x.com,9999999999,2005-03-04,other
