1,xmsCVqAdl041rfE6cZUb84aYwJbHKOCci0kj0R,This is a description 6853160,www.retailmagics.gr,fsm0ncln6qUK8BVA1gaiVE6qgJoQC8hyZIkAFKI,86115.84,2000-12-12 07:06:00+05:30
2,oJKCavrxqVABn6y4Nw,Description number 3971128,www.elkevacatures.gr,pamtBGIKxwl2KEsgZ1ZmP,858.92,2009-03-02 00:09:00+05:30
3,Z6oljaN4PmWCq1qn8,This is a description 1215394,www.snelvacatures.org,NOZF6zG,79.35,2005-12-05 07:29:00+05:30
4,AdHyo36NpDkEClXHmmx68gAZhiQozOqJKlQpHF,This is a description 9772557,www.newmaster.fr,VlALFj1DqHV5wtkQC7FV2yfiokGPRI5ah8EB,40.36,2013-09-12 09:25:00+05:30
5,nwyLvJR8XA7i2,Description number 1970608,www.snelpagina.be,jJq3irGBSqaNWtrBV7QqfXlBs2hx4XOpaPwKMLy7U0,474907.82,2001-11-09 02:14:00+05:30
6,KDdjBPq11,This is a description 5801229,www.leraarsite.nl,N3fg0bU0hPIqGFv6OSyIh7l3aVo,2.11,2009-09-02 00:45:00+05:30
7,KJKZeZijIT2tGp7zmDBBLpQLTSp0,This is a description 1244631,www.maximaalmarkt.ch,dkgt4Ow61KwPnpwKk5fKn5GwbeeMlV5PqJoivWS,5324.35,2001-09-10 03:37:00+05:30
8,A6b,This is a description 8952157,www.beekwereld.co.uk,V7dzGnvg8qhr3tV5,14.24,2011-02-07 09:04:00+05:30
9,TrCRuwu3em6siPuZHrg1KmqUL,Description number 5909566,www.contactplaza.co.uk,xDEzb5Rfmps0K6Ea,377.5,2002-09-01 06:34:00+05:30
10,XiLHXgHpnONrDhfN8NqpQW5Wk3,Description number 6337036,www.etenweb.org,4rF6lEach,48.18,2012-05-06 02:13:00+05:30
