1,400409,GMzdFc,10,3,,2001-10-03 00:26:00+05:30,3
2,710143,lM7PDx1p5T,10,0,NQIk1DYogHG8A4hIG1tYmuZKAPRHZlq0CeIu5H6bFxDFDsHYiel6nGGfAOPqKXLql1fNag0MeqEaoMZgo36zF2gfLqg1UgOYmkoXw4vKa26rOzUTPbTa4M18nW0BJxAymhufrBS4DxFx16PbLwIiwr2S3UA0dAxG8niP1xF,2011-02-08 02:49:00+05:30,13
3,896729,,10,1,1bA5kehUHQZRt8bsazTwe0jZeT3HFgNKWigPR3n3zagwq5jmJqiSzzCRXYYIUyxSB3q3gdjP08KenVmHz6R7PrD1i5y8xZ7uyNreypVSH8EUfKSv6fm2Uu2YqUnn35b1TzT3WiSFGpzVCO14SaC3XDkT1qZWRtWSzdbpIPuVxxRnGCmCvAclF5kRC2BrPsf8,2009-03-01 10:42:00+05:30,13
5,100331,si0DwHCS,22,2,7F3YPdfnyU4nfq4Whl1i582c5kkVeDAAgbblf7t5ej8EN5FQ2lnkKRUFxbsJATIkBYbUrP2rpgb07Ge2SBsUHkITUkRaI2uuQb,2011-09-06 10:21:00+05:30,23
6,738987,si0DwHCS,23,3,1IlosEeQIJBvxrWPOzGXEjIxNtGbif8NQHLeA6Koiy15KwerJZ73WtEWSs5H1qBLToIZ3ha21FChxPaTBXLYV4rbCciRCBrxnvx5M4AzWbqIKe1VLcsLAjeGdNogESqo6bULnBCjRbmqtIhIVtToh4V7CekxlgazYXTJMaoNDBhXEuSeMtJNmqxgWmjoWxiC4JW1KTCfO5a0FYbjhe,2006-06-02 07:16:00+05:30,23
7,550148,si0DwHCS,23,3,7MbDiP4TZNKm5qudbsmi62jcEpD6gC8WtpGOGcXHh,2013-12-05 02:57:00+05:30,6
8,283609,5gw4vJD,23,4,VbehBxTqGMz5bFp2CfNJaafFYnbE8qIgovHX8NNy4ul5qnU3sWu8Dvfu8802hNtPNyzJKdNx76m15rqQZZq,2014-03-07 05:17:00+05:30,6
9,533297,5gw4vJD,5,0,KSCw2yTWC1ujdlUseghwkDZvn6fO6MJ24Z7gMEZH1GukR3xlsNcwCxTqSqbshlsib2QJJv6DWzdXWkQogdKodj8dund5nBINissTdYgWHXEX8GzyQRh1QIt1qVbuiJX4yfPeV2Dns3Jhu6wy4sot4QPy3VxXd7v1iworYAfV6PW76BtHKv0MBWx4J8kMGbbC5yLDr8ienO,2010-09-08 01:29:00+05:30,6
10,968080,H,5,5,AZ1dtPcnjpbWiXDEShDZhod1DBW4QRNycZ5NrfeEPkkFjPjbrKWh,2020-12-02 05:28:00+05:30,13
4,166308,gXM,17,4,FbvF1pnUwAlHXWr67LBTYc7G6RAC6rPmsg13elt6vUGJfriJaOQYDE28I0ydqOR81VdxRxU72QFajDhvThWd7lLdfqerNgRdKPLhBDREMwOjmaxPBIYzxvNTMS,2021-04-19 09:39:00+05:30,23
