1,This is a description 2650169,2012-12-01 07:05:00+05:30,pending,670.41,4
2,This is a description 7510600,2012-11-04 03:52:00+05:30,pending,978.87,7
3,This is a description 2725700,2021-08-03 09:16:00+05:30,failed,207.89,7
4,Description number 4138452,2013-03-06 01:32:00+05:30,successful,1466.83,7
10,Description number 5109542,2000-02-03 07:45:00+05:30,successful,547.27,10
11,This is a description 6017911,2002-08-01 00:43:00+05:30,successful,1436.27,10
5,This is a description 3002863,2011-02-07 09:42:00+05:30,pending,1043.9,5
6,Description number 2689567,2014-06-02 10:34:00+05:30,successful,762.39,6
7,This is a description 6141914,2004-01-12 07:10:00+05:30,successful,10.65,2
8,Description number 8315776,2005-01-06 08:25:00+05:30,pending,836.32,2
9,Description number 7570825,2000-03-12 02:29:00+05:30,failed,111.85,7
12,This is a description 1777223,2014-01-05 02:29:00+05:30,failed,599.85,10
13,This is a description 9636980,2020-02-06 06:48:00+05:30,successful,397.28,7
